{"current_level": 2, "volume": {"master": 0.45000000000000023, "music": 0.06378750000000008, "effects": 0.09112500000000014}}