{"current_level": 2, "volume": {"master": 0.45000000000000023, "music": 0.0005296764498046898, "effects": 0.0007566806425781285}}