{"current_level": 1, "volume": {"master": 0.39999999999999947, "music": 3.7414441915666946e-34, "effects": 3.7414441915666946e-34}}