{"current_level": 5, "volume": {"master": 0.4599999999999995, "music": 0.18859999999999957, "effects": 0.1931999999999999}}