{"current_level": 2, "volume": {"master": 0.8299999999999998, "music": 0.6059000000000002, "effects": 0.5312000000000002}}