{
    "level_order": null,
    "levels_definition": [
        {
            "name": "default",
            "wall_coordinate_list": [[784, 176, 1, 9, 0], [496, 544, 1, 9, 0], [880, 544, 1, 9, 0]],
            "mirror_coordinate_list": [[320.0, 480.0, -0.7853981633974483],
                [690.0, 620, 0],
                [640.0, 180.0, 1.5707963267948966],
                [980.0, 144.0, 0]

            ],
            "light_receiver_coordinate_list": [[1152, 592, 0]],
            "light_source_coordinate_list": [[320.0, 48, 1.5707963267948966]]
        },
        {
            "name": "level2",
            "wall_coordinate_list": [[784, 176, 1, 9, 0], [496, 544, 1, 9, 0], [880, 544, 1, 9, 0]],
            "mirror_coordinate_list": [[320.0, 480.0, -0.7853981633974483],
                [690.0, 620, 0],
                [640.0, 180.0, 1.5707963267948966],
                [980.0, 144.0, 0]

            ],
            "light_receiver_coordinate_list": [[152, 502, 0]],
            "light_source_coordinate_list": [[320.0, 48, 1.5707963267948966]]
        }
    ]
}