{
  "level_name": "My Level",
  "planet": "moon",
  "level_data": {
    "mirror_coordinate_list": [
      [
        460.0,
        100.0,
        -1.1102230246251565e-16
      ],
      [
        300.0,
        300.0,
        0.0
      ]
    ],
    "wall_coordinate_list": [
      [
        20.0,
        360.0,
        1.0,
        18.0,
        0
      ],
      [
        1260.0,
        360.0,
        1.0,
        18.0,
        0
      ],
      [
        640.0,
        20.0,
        30.0,
        1.0,
        0
      ],
      [
        640.0,
        700.0,
        30.0,
        1.0,
        0
      ]
    ],
    "light_receiver_coordinate_list": [
      [
        1020.0,
        340.0,
        0.0
      ]
    ],
    "light_source_coordinate_list": [
      [
        100.0,
        100.0,
        0.0
      ]
    ],
    "animated_wall_coordinate_list": [],
    "lens_coordinate_list": [
      [
        260.0,
        100.0,
        0.0
      ],
      [
        380.0,
        220.0,
        -0.7853981633974483
      ]
    ],
    "gator_coordinates": [
      640,
      360
    ],
    "enemy_coordinates": [
      340.0,
      460.0
    ]
  }
}