{
  "level_name": "Level 1",
  "planet": "earth",
  "level_data": {
    "mirror_coordinate_list": [
      [140, 580, -0.785398163397],
      [340, 180, 1.57079632679],
      [740, 580, 0],
      [900, 180, 0]
    ],
    "wall_coordinate_list": [
      [340, 540, 1, 7, 0],
      [740, 180, 1, 7, 0],
      [900, 540, 1, 7, 0]
    ],
    "light_receiver_coordinate_list": [
      [1180, 620, 0]
    ],
    "light_source_coordinate_list": [
      [140, 60, 1.57079632679]
    ],
    "animated_wall_coordinate_list": [
      [1100, 460, 1, 1, 0, 40, 0, 0.025, 3.141519]
    ],
    "lenses_coordinate_list": []
  }
}
