{
  "level_name": "Level 5",
  "planet": "mars",
  "level_data": {
    "mirror_coordinate_list": [
      [645, 430, 0],
      [380, 430, -0.785398163397],
      [380, 160, 0.785398163397],
      [900, 160, 1.57079632679],
      [900, 600, -0.785398163397]
    ],
    "wall_coordinate_list": [
      [540, 260, 1, 3, 0],
      [660, 220, 5, 1, 0],
      [740, 380, 1, 7, 0],
      [400, 500, 18, 1, 0],
      [220, 300, 1, 3, 0],
      [220, 80, 1, 2, 0],
      [1020, 360, 1, 10, 0],
      [220, 540, 1, 1, 0],
      [220, 660, 1, 1, 0]
    ],
    "light_receiver_coordinate_list": [
      [120, 600, 0]
    ],
    "light_source_coordinate_list": [
      [640, 300, 1.57079632679]
    ],
    "animated_wall_coordinate_list": [
      [220, 460, 1, 1, 0, 0, -80, 0.025, 0],
      [220, 140, 1, 1, 0, 0, 80, 0.025, 0],
      [1020, 80, 1, 4, 0, 0, -120, 0.015, 0],
      [1020, 640, 1, 4, 0, 0, 120, 0.015, 0],
      [220, 580, 1, 1, 0, 0, -40, 0.01, 0],
      [220, 620, 1, 1, 0, 0, 40, 0.01, 0]
    ],
    "lens_coordinate_list": [
      [300, 600, 0]
    ],
    "gator_coordinates": [590, 300],
    "enemy_coordinates": [640, 160]
  }
}