{
  "level_name": "Level 4",
  "planet": "earth",
  "level_data": {
    "mirror_coordinate_list": [
      [100, 625, -0.785398163397],
      [480, 625, 0.785398163397],
      [480, 370, 0.785398163397],
      [660, 370, 0],
      [660, 625, -0.785398163397],
      [1145, 240, 1.8675309],
      [1145, 100, 0.2222222]
    ],
    "wall_coordinate_list": [
      [280, 280, 6, 8, 0],
      [480, 200, 4, 4, 0],
      [580, 580, 1, 5, 0],
      [680, 180, 6, 3, 0],
      [940, 500, 11, 1, 0],
      [1140, 460, 1, 1, 0],
      [1180, 420, 3, 1, 0]
    ],
    "light_receiver_coordinate_list": [
      [80, 80, 0]
    ],
    "light_source_coordinate_list": [
      [1180, 620, 3.14159265]
    ],
    "animated_wall_coordinate_list": [
      [80, 340, 4, 1, 0, -120, 0, 0.014, 0],
      [80, 260, 4, 1, 0, -120, 0, 0.009, 0],
      [280, 100, 2, 5, 0, 0, -160, 0.02, 0]
    ],
    "lens_coordinate_list": [],
    "character_coordinates": [1200, 480, 0],
    "enemy_coordinates": [290, 580, 0]
  }
}