{
  "level_name": "Level 4",
  "planet": "earth",
  "level_data": {
    "mirror_coordinate_list": [
      [100, 625, -0.785398163397],
      [480, 625, 0.785398163397],
      [480, 380, 0.785398163397],
      [660, 380, 0],
      [660, 625, -0.785398163397],
      [950, 390, 0],
      [945, 230, 0.642783],
      [1145, 240, 1.8675309],
      [1145, 100, 0.2222222]
    ],
    "wall_coordinate_list": [
      [280, 300, 6, 7, 0],
      [580, 580, 1, 5, 0],
      [480, 220, 4, 3, 0],
      [640, 200, 4, 2, 0],
      [940, 500, 11, 1, 0],
      [1140, 460, 1, 1, 0],
      [1180, 420, 3, 1, 0]
    ],
    "light_receiver_coordinate_list": [
      [100, 100, 0]
    ],
    "light_source_coordinate_list": [
      [1180, 620, 3.14159265]
    ],
    "animated_wall_coordinate_list": [
      [80, 340, 4, 1, 0, -120, 0, 0.014, 0],
      [80, 260, 4, 1, 0, -120, 0, 0.009, 0],
      [280, 80, 2, 4, 0, 0, -120, 0.02, 0]
    ],
    "lens_coordinate_list": [],
    "character_coordinates": [1200, 480, 0],
    "enemy_coordinates": [100, 450, 0]
  }
}