{
  "level_name": "Level 3",
  "planet": "moon",
  "level_data": {
    "mirror_coordinate_list": [
      [140, 580, -0.785398163397],
      [380, 580, 0.785398163397],
      [380, 150, 0],
      [690, 580, 1.57079632679],
      [990, 150, 0],
      [1170, 420, 1.57079632679]
    ],
    "wall_coordinate_list": [
      [260, 180, 1, 7, 0],
      [260, 440, 1, 2, 0],
      [660, 200, 1, 8, 0],
      [1000, 420, 4, 1, 0],
      [900, 540, 1, 7, 0]
    ],
    "light_receiver_coordinate_list": [
      [1000, 550, 0]
    ],
    "light_source_coordinate_list": [
      [140, 100, 1.57079632679]
    ],
    "animated_wall_coordinate_list": [
      [140, 360, 3, 2, 0, 260, 0, 0.01, 0]
    ],
    "lens_coordinate_list": [],
    "gator_coordinates": [90, 140],
    "enemy_coordinates": [800, 580]
  }
}
