{
  "level_name": "Level 2",
  "planet": "moon",
  "level_data": {
    "mirror_coordinate_list": [
      [85, 360, -0.78539816],
      [1150, 500, 0],
      [1150, 220, 0]
    ],
    "wall_coordinate_list": [],
    "light_receiver_coordinate_list": [
      [1050, 360, 0]
    ],
    "light_source_coordinate_list": [
      [90, 60, 1.57079632679]
    ],
    "animated_wall_coordinate_list": [
      [900, 480, 1, 2, 0, 0, 50, 0.025, 0],
      [900, 240, 1, 2, 0, 0, -50, 0.025, 0],
      [800, 380, 1, 1, 0, 0, 10, 0.012, 0],
      [800, 340, 1, 1, 0, 0, -10, 0.012, 0]
    ],
    "lens_coordinate_list": [
      [130, 350, 0]
    ],
    "character_coordinates": [640, 360, 0],
    "enemy_coordinates": [-10, -10, 0]
  }
}
